code,requested_time,start_time,end_time
1,-0.0002709999680519104,0.0,5.420297384262085e-07
2,0.531029500067234,0.5310690840706229,0.5310694590443745
