code,requested_time,start_time,end_time
1,-5.212496034801006e-05,0.0,9.579816833138466e-07
2,0.5218274170765653,0.521865583024919,0.5218660830287263
3,1.7469209170667455,1.7469501249725,1.7469505830667913
4,2.2226083329878747,2.2226274580461904,2.2226280419854447
