code,requested_time,start_time,end_time
1,-0.00019712501671165228,0.0,6.670597940683365e-07
2,0.5316548340488225,0.531692499993369,0.5316930840490386
3,1.8983233750332147,1.89835250005126,1.8983532920246944
4,1.9988192090531811,1.9988376670517027,1.99883837508969
