code,requested_time,start_time,end_time
1,-0.00025158305652439594,0.0,5.420297384262085e-07
2,0.5605290839448571,0.5605756250442937,0.5605760839534923
