code,requested_time,start_time,end_time
1,-0.00017441704403609037,0.0,5.409820005297661e-07
2,0.5465949579374865,0.5466418330324814,0.5466424159239978
3,1.6465868749655783,1.6466125409351662,1.6466131249908358
4,2.146827290998772,2.1468464579666033,2.1468472910346463
2,5.179941833019257,5.179982790956274,5.179983624955639
3,6.3299261659849435,6.329957332927734,6.329957915935665
4,6.613579540979117,6.61359579092823,6.613596500013955
2,9.64658950001467,9.646626041037962,9.646626957925037
3,10.730023915995844,10.7300373329781,10.730037749977782
4,11.01356437499635,11.01358137500938,11.01358191599138
2,14.0464102079859,14.046442374936305,14.04644337494392
3,15.446113790967502,15.446130124968477,15.446130707976408
4,15.796616249950603,15.796632000012323,15.796633166028187
